pre,suff,count
cum,wad,372
cum,bag,1608
cum,bucket,4441
cum,sack,212
cum,ball,654
cum,splash,59
cum,pot,107
cum,pile,133
cum,weasel,8
cum,monkey,4
cum,dog,2832
cum,rat,24
cum,bird,49
cum,goblin,138
cum,puffin,2
cum,licker,62
cum,muncher,40
cum,fucker,27
cum,sucker,222
cum,lord,2521
cum,clown,7
cum,slut,34414
cum,pirate,3
cum,bro,42
cum,nazi,4
cum,whore,1240
cum,boy,2079
cum,boi,351
cum,burglar,26
cum,bandit,1
cum,bitch,47
cum,waffle,55
cum,burger,519
cum,cake,410
cum,nugget,146
cum,rag,8266
cum,nozzle,16
cum,stain,9372
cum,wagon,29
cum,weed,8
cum,hat,52
cum,canoe,1
cum,boat,26
cum,stick,78
cum,socket,34
cum,trumpet,37
cum,mitten,0
cum,twat,169
cum,dick,70
cum,cunt,33
cum,ass,76
cum,cock,92
cum,balls,321
cum,face,1009
cum,head,184
cum,nuts,33
cum,brain,4121
cum,brains,1594
cum,knuckle,5
cum,mouth,6
cum,nose,8
cum,skull,53
cum,tard,373
cum,oid,2
cum,ster,360
cum,azoid,0
cum,let,107
cum,fuck,173
cum,shit,247
cum,fart,1639
cum,wit,2
cum,lib,1
cum,breath,98
snot,wad,78
snot,bag,342
snot,bucket,29
snot,sack,2
snot,ball,478
snot,splash,1
snot,pot,9
snot,pile,6
snot,weasel,28
snot,monkey,8
snot,dog,3
snot,rat,1
snot,bird,4
snot,goblin,158
snot,puffin,0
snot,licker,18
snot,muncher,5
snot,fucker,6
snot,sucker,218
snot,lord,10
snot,clown,0
snot,slut,0
snot,pirate,0
snot,bro,0
snot,nazi,0
snot,whore,0
snot,boy,28
snot,boi,1
snot,burglar,2
snot,bandit,0
snot,bitch,3
snot,waffle,39
snot,burger,18
snot,cake,2
snot,nugget,5
snot,rag,600
snot,nozzle,7
snot,stain,11
snot,wagon,4
snot,weed,4
snot,hat,5
snot,canoe,0
snot,boat,0
snot,stick,3
snot,socket,3
snot,trumpet,0
snot,mitten,0
snot,twat,2
snot,dick,10
snot,cunt,3
snot,ass,11
snot,cock,7
snot,balls,194
snot,face,515
snot,head,116
snot,nuts,1
snot,brain,55
snot,brains,83
snot,knuckle,0
snot,mouth,3
snot,nose,546
snot,skull,4
snot,tard,1
snot,oid,1
snot,ster,3
snot,azoid,0
snot,let,6
snot,fuck,21
snot,shit,12
snot,fart,31
snot,wit,1
snot,lib,0
snot,breath,0
spit,wad,670
spit,bag,31
spit,bucket,58
spit,sack,1
spit,ball,23850.825
spit,splash,0
spit,pot,3
spit,pile,3
spit,weasel,1
spit,monkey,3
spit,dog,8
spit,rat,1
spit,bird,0
spit,goblin,0
spit,puffin,0
spit,licker,17
spit,muncher,0
spit,fucker,3
spit,sucker,6
spit,lord,150
spit,clown,0
spit,slut,2
spit,pirate,0
spit,bro,5
spit,nazi,1
spit,whore,0
spit,boy,116
spit,boi,3
spit,burglar,0
spit,bandit,1
spit,bitch,2
spit,waffle,0
spit,burger,44
spit,cake,11
spit,nugget,0
spit,rag,9
spit,nozzle,0
spit,stain,21
spit,wagon,1
spit,weed,0
spit,hat,0
spit,canoe,0
spit,boat,1
spit,stick,34
spit,socket,0
spit,trumpet,0
spit,mitten,0
spit,twat,0
spit,dick,2
spit,cunt,0
spit,ass,0
spit,cock,7
spit,balls,8319
spit,face,19
spit,head,409
spit,nuts,0
spit,brain,2
spit,brains,0
spit,knuckle,1
spit,mouth,6
spit,nose,1
spit,skull,0
spit,tard,2
spit,oid,0
spit,ster,8
spit,azoid,0
spit,let,3
spit,fuck,880
spit,shit,11
spit,fart,3
spit,wit,0
spit,lib,0
spit,breath,0
jizz,wad,84
jizz,bag,431
jizz,bucket,210
jizz,sack,8
jizz,ball,129
jizz,splash,5
jizz,pot,16
jizz,pile,7
jizz,weasel,11
jizz,monkey,86
jizz,dog,6
jizz,rat,10
jizz,bird,10
jizz,goblin,16
jizz,puffin,1
jizz,licker,14
jizz,muncher,2
jizz,fucker,26
jizz,sucker,13
jizz,lord,136
jizz,clown,2
jizz,slut,5
jizz,pirate,1
jizz,bro,12
jizz,nazi,1
jizz,whore,2
jizz,boy,45
jizz,boi,16
jizz,burglar,0
jizz,bandit,5
jizz,bitch,6
jizz,waffle,42
jizz,burger,81
jizz,cake,48
jizz,nugget,24
jizz,rag,993
jizz,nozzle,15
jizz,stain,402
jizz,wagon,4
jizz,weed,1
jizz,hat,9
jizz,canoe,2
jizz,boat,12
jizz,stick,10
jizz,socket,2
jizz,trumpet,197
jizz,mitten,2
jizz,twat,3
jizz,dick,6
jizz,cunt,11
jizz,ass,24
jizz,cock,176
jizz,balls,76
jizz,face,422
jizz,head,46
jizz,nuts,13
jizz,brain,16
jizz,brains,13
jizz,knuckle,3
jizz,mouth,17
jizz,nose,4
jizz,skull,1
jizz,tard,12
jizz,oid,2
jizz,ster,13
jizz,azoid,0
jizz,let,18
jizz,fuck,13
jizz,shit,6
jizz,fart,17
jizz,wit,5
jizz,lib,0
jizz,breath,41
piss,wad,92
piss,bag,481
piss,bucket,316
piss,sack,6
piss,ball,88
piss,splash,0
piss,pot,2297
piss,pile,15
piss,weasel,94
piss,monkey,16
piss,dog,9
piss,rat,40
piss,bird,9
piss,goblin,21
piss,puffin,1
piss,licker,25
piss,muncher,4
piss,fucker,21
piss,sucker,2
piss,lord,714
piss,clown,13
piss,slut,19
piss,pirate,6
piss,bro,10
piss,nazi,5
piss,whore,210
piss,boy,1561
piss,boi,955
piss,burglar,1
piss,bandit,3
piss,bitch,83
piss,waffle,23
piss,burger,27
piss,cake,51
piss,nugget,15
piss,rag,119
piss,nozzle,10
piss,stain,63
piss,wagon,20
piss,weed,43
piss,hat,49
piss,canoe,1
piss,boat,6
piss,stick,9
piss,socket,0
piss,trumpet,10
piss,mitten,4
piss,twat,6
piss,dick,110
piss,cunt,125
piss,ass,417
piss,cock,57
piss,balls,84
piss,face,541
piss,head,6871
piss,nuts,42
piss,brain,98
piss,brains,21
piss,knuckle,4
piss,mouth,44
piss,nose,4
piss,skull,6
piss,tard,44
piss,oid,1
piss,ster,0
piss,azoid,0
piss,let,4
piss,fuck,223
piss,shit,112
piss,fart,170
piss,wit,32
piss,lib,1
piss,breath,39
puke,wad,1
puke,bag,85
puke,bucket,101
puke,sack,17
puke,ball,41
puke,splash,3
puke,pot,3
puke,pile,12
puke,weasel,1
puke,monkey,4
puke,dog,2
puke,rat,6
puke,bird,1
puke,goblin,1
puke,puffin,0
puke,licker,0
puke,muncher,0
puke,fucker,17
puke,sucker,1
puke,lord,5
puke,clown,0
puke,slut,18
puke,pirate,0
puke,bro,7
puke,nazi,0
puke,whore,12
puke,boy,22
puke,boi,2
puke,burglar,1
puke,bandit,0
puke,bitch,0
puke,waffle,1
puke,burger,2
puke,cake,3
puke,nugget,0
puke,rag,1
puke,nozzle,0
puke,stain,105
puke,wagon,2
puke,weed,14
puke,hat,2
puke,canoe,0
puke,boat,0
puke,stick,7
puke,socket,0
puke,trumpet,0
puke,mitten,0
puke,twat,0
puke,dick,30
puke,cunt,7
puke,ass,32
puke,cock,1
puke,balls,13
puke,face,183
puke,head,16
puke,nuts,4
puke,brain,1
puke,brains,3
puke,knuckle,0
puke,mouth,14
puke,nose,8
puke,skull,18
puke,tard,5
puke,oid,9
puke,ster,52
puke,azoid,0
puke,let,3
puke,fuck,40
puke,shit,51
puke,fart,5
puke,wit,0
puke,lib,0
puke,breath,10
spunk,wad,12
spunk,bag,21
spunk,bucket,94
spunk,sack,0
spunk,ball,19
spunk,splash,0
spunk,pot,0
spunk,pile,2
spunk,weasel,10
spunk,monkey,54
spunk,dog,4
spunk,rat,78
spunk,bird,0
spunk,goblin,9
spunk,puffin,8
spunk,licker,0
spunk,muncher,3
spunk,fucker,1
spunk,sucker,2
spunk,lord,8
spunk,clown,0
spunk,slut,3
spunk,pirate,0
spunk,bro,0
spunk,nazi,0
spunk,whore,0
spunk,boy,4
spunk,boi,0
spunk,burglar,0
spunk,bandit,0
spunk,bitch,0
spunk,waffle,12
spunk,burger,3
spunk,cake,4
spunk,nugget,43
spunk,rag,29
spunk,nozzle,8
spunk,stain,33
spunk,wagon,8
spunk,weed,2
spunk,hat,0
spunk,canoe,0
spunk,boat,0
spunk,stick,5
spunk,socket,0
spunk,trumpet,436
spunk,mitten,0
spunk,twat,1
spunk,dick,1
spunk,cunt,0
spunk,ass,2
spunk,cock,0
spunk,balls,4
spunk,face,15
spunk,head,12
spunk,nuts,1
spunk,brain,2
spunk,brains,0
spunk,knuckle,0
spunk,mouth,29
spunk,nose,1
spunk,skull,0
spunk,tard,0
spunk,oid,0
spunk,ster,14
spunk,azoid,0
spunk,let,4
spunk,fuck,2
spunk,shit,1
spunk,fart,3
spunk,wit,0
spunk,lib,0
spunk,breath,5
fart,wad,143
fart,bag,907
fart,bucket,57
fart,sack,190
fart,ball,121
fart,splash,5
fart,pot,4
fart,pile,2
fart,weasel,17
fart,monkey,12
fart,dog,60
fart,rat,3
fart,bird,8
fart,goblin,40
fart,puffin,0
fart,licker,73
fart,muncher,30
fart,fucker,37
fart,sucker,110
fart,lord,125
fart,clown,13
fart,slut,17
fart,pirate,0
fart,bro,9
fart,nazi,0
fart,whore,1
fart,boy,259
fart,boi,40
fart,burglar,7
fart,bandit,10
fart,bitch,7
fart,waffle,52
fart,burger,45
fart,cake,49
fart,nugget,168
fart,rag,1
fart,nozzle,27
fart,stain,65
fart,wagon,24
fart,weed,7
fart,hat,24
fart,canoe,0
fart,boat,9
fart,stick,27
fart,socket,3
fart,trumpet,4
fart,mitten,27
fart,twat,2
fart,dick,49
fart,cunt,7
fart,ass,370
fart,cock,23
fart,balls,131
fart,face,1698
fart,head,417
fart,nuts,32
fart,brain,79
fart,brains,30
fart,knuckle,75
fart,mouth,199
fart,nose,20
fart,skull,1
fart,tard,16
fart,oid,5
fart,ster,29
fart,azoid,2
fart,let,43
fart,fuck,62
fart,shit,100
fart,fart,106
fart,wit,2
fart,lib,4
fart,breath,139
shit,wad,2496
shit,bag,176927.1
shit,bucket,5669
shit,sack,2811
shit,ball,5475
shit,splash,21
shit,pot,2391
shit,pile,20170
shit,weasel,2716
shit,monkey,250
shit,dog,358
shit,rat,1134
shit,bird,34414
shit,goblin,1040
shit,puffin,13
shit,licker,853
shit,muncher,330
shit,fucker,1667
shit,sucker,436
shit,lord,300941.65
shit,clown,329
shit,slut,33
shit,pirate,8
shit,bro,126
shit,nazi,16
shit,whore,272
shit,boy,612
shit,boi,202
shit,burglar,31
shit,bandit,24
shit,bitch,346
shit,waffle,383
shit,burger,2014
shit,cake,3175
shit,nugget,999
shit,rag,7295
shit,nozzle,237
shit,stain,92128.225
shit,wagon,1083
shit,weed,392
shit,hat,230
shit,canoe,113
shit,boat,345
shit,stick,4073
shit,socket,13
shit,trumpet,12
shit,mitten,14
shit,twat,22
shit,dick,6999
shit,cunt,15170
shit,ass,14514
shit,cock,3034
shit,balls,36333
shit,face,14900
shit,head,450560.22500000003
shit,nuts,554
shit,brain,2678
shit,brains,1508
shit,knuckle,96
shit,mouth,2640
shit,nose,128
shit,skull,160
shit,tard,974
shit,oid,10
shit,ster,567
shit,azoid,6
shit,let,414
shit,fuck,15540
shit,shit,617
shit,fart,270
shit,wit,1525
shit,lib,21815
shit,breath,579
crap,wad,28
crap,bag,1224
crap,bucket,95
crap,sack,4698
crap,ball,63
crap,splash,2
crap,pot,21
crap,pile,79
crap,weasel,210
crap,monkey,13
crap,dog,10
crap,rat,5
crap,bird,9
crap,goblin,5
crap,puffin,0
crap,licker,4
crap,muncher,9
crap,fucker,2
crap,sucker,9
crap,lord,88
crap,clown,2
crap,slut,1
crap,pirate,0
crap,bro,1
crap,nazi,0
crap,whore,0
crap,boy,9
crap,boi,1
crap,burglar,2
crap,bandit,0
crap,bitch,1
crap,waffle,342
crap,burger,44
crap,cake,147
crap,nugget,21
crap,rag,14
crap,nozzle,0
crap,stain,191
crap,wagon,278
crap,weed,14
crap,hat,63
crap,canoe,0
crap,boat,10
crap,stick,122
crap,socket,1
crap,trumpet,0
crap,mitten,1
crap,twat,3
crap,dick,15
crap,cunt,10
crap,ass,737
crap,cock,5
crap,balls,829
crap,face,364
crap,head,499
crap,nuts,49
crap,brain,3
crap,brains,2
crap,knuckle,4
crap,mouth,20
crap,nose,4
crap,skull,1
crap,tard,103
crap,oid,14
crap,ster,131
crap,azoid,34
crap,let,81
crap,fuck,108
crap,shit,590
crap,fart,6
crap,wit,8
crap,lib,4
crap,breath,1
poop,wad,17
poop,bag,189
poop,bucket,68
poop,sack,346
poop,ball,306
poop,splash,32
poop,pot,1
poop,pile,7
poop,weasel,9
poop,monkey,12
poop,dog,139
poop,rat,142
poop,bird,28
poop,goblin,9
poop,puffin,0
poop,licker,67
poop,muncher,5
poop,fucker,28
poop,sucker,29
poop,lord,601
poop,clown,2
poop,slut,36
poop,pirate,0
poop,bro,6
poop,nazi,1
poop,whore,5
poop,boy,143
poop,boi,31
poop,burglar,0
poop,bandit,26
poop,bitch,4
poop,waffle,12
poop,burger,26
poop,cake,113
poop,nugget,163
poop,rag,16
poop,nozzle,8
poop,stain,632
poop,wagon,22
poop,weed,10
poop,hat,23
poop,canoe,29
poop,boat,5
poop,stick,351
poop,socket,28
poop,trumpet,4
poop,mitten,2
poop,twat,4
poop,dick,2008
poop,cunt,33
poop,ass,153
poop,cock,384
poop,balls,461
poop,face,2398
poop,head,3355
poop,nuts,126
poop,brain,98
poop,brains,11
poop,knuckle,19
poop,mouth,290
poop,nose,264
poop,skull,8
poop,tard,92
poop,oid,29
poop,ster,584
poop,azoid,2
poop,let,131
poop,fuck,70
poop,shit,312
poop,fart,332
poop,wit,4
poop,lib,1
poop,breath,29
poo,wad,3
poo,bag,149
poo,bucket,20
poo,sack,11
poo,ball,51
poo,splash,1
poo,pot,8
poo,pile,25
poo,weasel,3
poo,monkey,11
poo,dog,27
poo,rat,24
poo,bird,6
poo,goblin,4
poo,puffin,0
poo,licker,14
poo,muncher,3
poo,fucker,18
poo,sucker,3
poo,lord,26
poo,clown,0
poo,slut,2
poo,pirate,2
poo,bro,8
poo,nazi,0
poo,whore,0
poo,boy,114
poo,boi,8
poo,burglar,0
poo,bandit,6
poo,bitch,4
poo,waffle,1
poo,burger,15
poo,cake,11
poo,nugget,10
poo,rag,4
poo,nozzle,0
poo,stain,94
poo,wagon,2
poo,weed,2
poo,hat,12
poo,canoe,4
poo,boat,1
poo,stick,39
poo,socket,4
poo,trumpet,0
poo,mitten,0
poo,twat,1
poo,dick,66
poo,cunt,13
poo,ass,29
poo,cock,61
poo,balls,80
poo,face,549
poo,head,1066
poo,nuts,22
poo,brain,460
poo,brains,46
poo,knuckle,23
poo,mouth,6
poo,nose,2
poo,skull,0
poo,tard,26
poo,oid,0
poo,ster,179
poo,azoid,0
poo,let,33
poo,fuck,24
poo,shit,121
poo,fart,75
poo,wit,1
poo,lib,0
poo,breath,21
turd,wad,49
turd,bag,453
turd,bucket,738
turd,sack,100
turd,ball,1070
turd,splash,7
turd,pot,5
turd,pile,978
turd,weasel,33
turd,monkey,105
turd,dog,19
turd,rat,1
turd,bird,97
turd,goblin,92
turd,puffin,0
turd,licker,89
turd,muncher,163
turd,fucker,61
turd,sucker,42
turd,lord,147
turd,clown,5
turd,slut,0
turd,pirate,1
turd,bro,27
turd,nazi,0
turd,whore,1
turd,boy,191
turd,boi,326
turd,burglar,1196
turd,bandit,2
turd,bitch,40
turd,waffle,218
turd,burger,1666
turd,cake,86
turd,nugget,626
turd,rag,7
turd,nozzle,29
turd,stain,140
turd,wagon,71
turd,weed,0
turd,hat,74
turd,canoe,4
turd,boat,14
turd,stick,35
turd,socket,0
turd,trumpet,3
turd,mitten,0
turd,twat,6
turd,dick,7
turd,cunt,17
turd,ass,63
turd,cock,30
turd,balls,304
turd,face,625
turd,head,180
turd,nuts,7
turd,brain,173
turd,brains,53
turd,knuckle,55
turd,mouth,19
turd,nose,5
turd,skull,3
turd,tard,9
turd,oid,109
turd,ster,35
turd,azoid,3
turd,let,673
turd,fuck,71
turd,shit,67
turd,fart,28
turd,wit,6
turd,lib,2
turd,breath,42
butt,wad,501
butt,bag,161
butt,bucket,23
butt,sack,737
butt,ball,826
butt,splash,79
butt,pot,7
butt,pile,11
butt,weasel,54
butt,monkey,1403
butt,dog,168
butt,rat,9
butt,bird,12
butt,goblin,37
butt,puffin,0
butt,licker,9815
butt,muncher,700
butt,fucker,2248
butt,sucker,116
butt,lord,542
butt,clown,116
butt,slut,1521
butt,pirate,688
butt,bro,28
butt,nazi,1
butt,whore,57
butt,boy,1684
butt,boi,208
butt,burglar,38
butt,bandit,34
butt,bitch,19
butt,waffle,36
butt,burger,52
butt,cake,237
butt,nugget,835
butt,rag,34
butt,nozzle,51
butt,stain,95
butt,wagon,36
butt,weed,89
butt,hat,802
butt,canoe,5
butt,boat,16
butt,stick,100
butt,socket,5
butt,trumpet,73
butt,mitten,0
butt,twat,1
butt,dick,846
butt,cunt,108
butt,ass,1100
butt,cock,118
butt,balls,148
butt,face,17062
butt,head,112886.6
butt,nuts,142
butt,brain,87
butt,brains,16
butt,knuckle,87
butt,mouth,139
butt,nose,104
butt,skull,8
butt,tard,17
butt,oid,3
butt,ster,54
butt,azoid,0
butt,let,1045
butt,fuck,50818.450000000004
butt,shit,634
butt,fart,835
butt,wit,3
butt,lib,1
butt,breath,79
ass,wad,2391
ass,bag,6883
ass,bucket,498
ass,sack,11
ass,ball,235
ass,splash,2
ass,pot,19
ass,pile,111
ass,weasel,79
ass,monkey,744
ass,dog,118
ass,rat,132
ass,bird,33
ass,goblin,504
ass,puffin,1
ass,licker,2844
ass,muncher,576
ass,fucker,1012
ass,sucker,66
ass,lord,752
ass,clown,44219.600000000006
ass,slut,16
ass,pirate,303
ass,bro,258
ass,nazi,10
ass,whore,339
ass,boy,202
ass,boi,71
ass,burglar,42
ass,bandit,279
ass,bitch,286
ass,waffle,289
ass,burger,2588
ass,cake,263
ass,nugget,473
ass,rag,205
ass,nozzle,93
ass,stain,14
ass,wagon,636
ass,weed,162
ass,hat,618185.625
ass,canoe,71
ass,boat,40
ass,stick,15
ass,socket,0
ass,trumpet,94
ass,mitten,1
ass,twat,569
ass,dick,968
ass,cunt,1224
ass,ass,3200
ass,cock,808
ass,balls,711
ass,face,12964
ass,head,2351
ass,nuts,180
ass,brain,181
ass,brains,51
ass,knuckle,33
ass,mouth,460
ass,nose,69
ass,skull,0
ass,tard,1721
ass,oid,3
ass,ster,2
ass,azoid,1
ass,let,34
ass,fuck,13918
ass,shit,268
ass,fart,641
ass,wit,125
ass,lib,7
ass,breath,128
bum,wad,168
bum,bag,2843
bum,bucket,3
bum,sack,37
bum,ball,37
bum,splash,0
bum,pot,3
bum,pile,0
bum,weasel,6
bum,monkey,0
bum,dog,60
bum,rat,22
bum,bird,1
bum,goblin,3
bum,puffin,0
bum,licker,170
bum,muncher,2
bum,fucker,172
bum,sucker,119
bum,lord,55
bum,clown,8
bum,slut,17
bum,pirate,6
bum,bro,41
bum,nazi,0
bum,whore,2
bum,boy,870
bum,boi,32
bum,burglar,4
bum,bandit,22
bum,bitch,18
bum,waffle,2
bum,burger,43
bum,cake,19
bum,nugget,26
bum,rag,56
bum,nozzle,3
bum,stain,11
bum,wagon,3
bum,weed,5
bum,hat,45
bum,canoe,0
bum,boat,193
bum,stick,25
bum,socket,1
bum,trumpet,23
bum,mitten,0
bum,twat,6
bum,dick,29
bum,cunt,8
bum,ass,3432
bum,cock,11
bum,balls,7
bum,face,404
bum,head,209
bum,nuts,45
bum,brain,5
bum,brains,1
bum,knuckle,9
bum,mouth,0
bum,nose,10
bum,skull,3
bum,tard,74
bum,oid,0
bum,ster,204
bum,azoid,0
bum,let,8
bum,fuck,98471.40000000001
bum,shit,130
bum,fart,93
bum,wit,7
bum,lib,0
bum,breath,4
dick,wad,62689.075000000004
dick,bag,67607.77500000001
dick,bucket,146
dick,sack,221
dick,ball,358
dick,splash,638
dick,pot,32
dick,pile,29
dick,weasel,1193
dick,monkey,105
dick,dog,109
dick,rat,34
dick,bird,346
dick,goblin,51
dick,puffin,2
dick,licker,1175
dick,muncher,305
dick,fucker,257
dick,sucker,4946
dick,lord,864
dick,clown,66
dick,slut,40
dick,pirate,4
dick,bro,106
dick,nazi,5
dick,whore,28
dick,boy,388
dick,boi,88
dick,burglar,9
dick,bandit,13
dick,bitch,183
dick,waffle,1576
dick,burger,261
dick,cake,82
dick,nugget,695
dick,rag,125
dick,nozzle,510
dick,stain,747
dick,wagon,460
dick,weed,25307
dick,hat,1448
dick,canoe,32
dick,boat,97
dick,stick,718
dick,socket,30
dick,trumpet,33
dick,mitten,45
dick,twat,239
dick,dick,305
dick,cunt,278
dick,ass,3086
dick,cock,197
dick,balls,1291
dick,face,24276
dick,head,855756.4
dick,nuts,1434
dick,brain,1185
dick,brains,273
dick,knuckle,46
dick,mouth,409
dick,nose,5890
dick,skull,18
dick,tard,830
dick,oid,6
dick,ster,678
dick,azoid,10
dick,let,6552
dick,fuck,2401
dick,shit,3434
dick,fart,1200
dick,wit,515
dick,lib,0
dick,breath,1220
cock,wad,959
cock,bag,6296
cock,bucket,54
cock,sack,163
cock,ball,127
cock,splash,55
cock,pot,460
cock,pile,25
cock,weasel,602
cock,monkey,241
cock,dog,114
cock,rat,32
cock,bird,179
cock,goblin,1276
cock,puffin,5
cock,licker,270
cock,muncher,885
cock,fucker,315
cock,sucker,142885.80000000002
cock,lord,384
cock,clown,18
cock,slut,1991
cock,pirate,15
cock,bro,53
cock,nazi,10
cock,whore,849
cock,boy,936
cock,boi,70
cock,burglar,26
cock,bandit,22
cock,bitch,23
cock,waffle,2440
cock,burger,87
cock,cake,56
cock,nugget,553
cock,rag,87
cock,nozzle,445
cock,stain,1153
cock,wagon,182
cock,weed,118
cock,hat,166
cock,canoe,7
cock,boat,157
cock,stick,99
cock,socket,641
cock,trumpet,64
cock,mitten,6
cock,twat,47
cock,dick,240
cock,cunt,37
cock,ass,957
cock,cock,250
cock,balls,323
cock,face,2437
cock,head,19985
cock,nuts,97
cock,brain,91
cock,brains,30
cock,knuckle,85
cock,mouth,212
cock,nose,618
cock,skull,17
cock,tard,330
cock,oid,5
cock,ster,331
cock,azoid,35
cock,let,816
cock,fuck,514
cock,shit,499
cock,fart,168
cock,wit,210
cock,lib,0
cock,breath,787
twat,wad,152
twat,bag,1074
twat,bucket,127
twat,sack,60
twat,ball,34
twat,splash,0
twat,pot,6
twat,pile,2
twat,weasel,90
twat,monkey,163
twat,dog,22
twat,rat,1
twat,bird,11
twat,goblin,248
twat,puffin,10
twat,licker,20
twat,muncher,41
twat,fucker,20
twat,sucker,6
twat,lord,72
twat,clown,5
twat,slut,1
twat,pirate,0
twat,bro,3
twat,nazi,1
twat,whore,6
twat,boy,32
twat,boi,9
twat,burglar,13
twat,bandit,3
twat,bitch,12
twat,waffle,17379
twat,burger,218
twat,cake,96
twat,nugget,269
twat,rag,58
twat,nozzle,341
twat,stain,100
twat,wagon,43
twat,weed,6
twat,hat,14
twat,canoe,69
twat,boat,0
twat,stick,86
twat,socket,5
twat,trumpet,1
twat,mitten,0
twat,twat,8
twat,dick,14
twat,cunt,130
twat,ass,19
twat,cock,20
twat,balls,17
twat,face,1220
twat,head,338
twat,nuts,7
twat,brain,17
twat,brains,5
twat,knuckle,120
twat,mouth,32
twat,nose,22
twat,skull,3
twat,tard,21
twat,oid,4
twat,ster,60
twat,azoid,5
twat,let,23
twat,fuck,149
twat,shit,35
twat,fart,29
twat,wit,12
twat,lib,0
twat,breath,13
knob,wad,5
knob,bag,0
knob,bucket,0
knob,sack,44
knob,ball,1
knob,splash,4
knob,pot,0
knob,pile,0
knob,weasel,12
knob,monkey,0
knob,dog,4
knob,rat,2
knob,bird,0
knob,goblin,372
knob,puffin,0
knob,licker,40
knob,muncher,9
knob,fucker,4
knob,sucker,25
knob,lord,17
knob,clown,11
knob,slut,0
knob,pirate,0
knob,bro,0
knob,nazi,0
knob,whore,0
knob,boy,2
knob,boi,0
knob,burglar,0
knob,bandit,0
knob,bitch,0
knob,waffle,16
knob,burger,0
knob,cake,11
knob,nugget,1
knob,rag,0
knob,nozzle,0
knob,stain,11
knob,wagon,1
knob,weed,44
knob,hat,7
knob,canoe,1
knob,boat,0
knob,stick,201
knob,socket,18
knob,trumpet,1
knob,mitten,0
knob,twat,3
knob,dick,8
knob,cunt,1
knob,ass,2
knob,cock,17
knob,balls,0
knob,face,81
knob,head,23458
knob,nuts,7
knob,brain,0
knob,brains,0
knob,knuckle,6
knob,mouth,0
knob,nose,3
knob,skull,1
knob,tard,11
knob,oid,2
knob,ster,41
knob,azoid,3
knob,let,73
knob,fuck,11
knob,shit,5
knob,fart,0
knob,wit,3
knob,lib,0
knob,breath,0
pecker,wad,8
pecker,bag,1
pecker,bucket,0
pecker,sack,0
pecker,ball,3
pecker,splash,0
pecker,pot,0
pecker,pile,0
pecker,weasel,2
pecker,monkey,0
pecker,dog,1
pecker,rat,0
pecker,bird,9
pecker,goblin,0
pecker,puffin,0
pecker,licker,2
pecker,muncher,0
pecker,fucker,2
pecker,sucker,6
pecker,lord,2
pecker,clown,0
pecker,slut,0
pecker,pirate,0
pecker,bro,0
pecker,nazi,0
pecker,whore,0
pecker,boy,5
pecker,boi,0
pecker,burglar,0
pecker,bandit,0
pecker,bitch,0
pecker,waffle,0
pecker,burger,0
pecker,cake,0
pecker,nugget,3
pecker,rag,0
pecker,nozzle,0
pecker,stain,2
pecker,wagon,0
pecker,weed,2
pecker,hat,1
pecker,canoe,0
pecker,boat,0
pecker,stick,1
pecker,socket,0
pecker,trumpet,0
pecker,mitten,1
pecker,twat,0
pecker,dick,34
pecker,cunt,0
pecker,ass,1
pecker,cock,1
pecker,balls,2
pecker,face,72
pecker,head,3140
pecker,nuts,5
pecker,brain,111
pecker,brains,4
pecker,knuckle,0
pecker,mouth,1
pecker,nose,3
pecker,skull,0
pecker,tard,0
pecker,oid,1
pecker,ster,0
pecker,azoid,0
pecker,let,0
pecker,fuck,1
pecker,shit,1
pecker,fart,1
pecker,wit,1
pecker,lib,0
pecker,breath,13
prick,wad,70
prick,bag,85
prick,bucket,1
prick,sack,2
prick,ball,9
prick,splash,0
prick,pot,0
prick,pile,0
prick,weasel,15
prick,monkey,1
prick,dog,2
prick,rat,1
prick,bird,0
prick,goblin,1
prick,puffin,0
prick,licker,20
prick,muncher,1
prick,fucker,0
prick,sucker,2
prick,lord,29
prick,clown,0
prick,slut,0
prick,pirate,1
prick,bro,0
prick,nazi,0
prick,whore,0
prick,boy,9
prick,boi,2
prick,burglar,0
prick,bandit,0
prick,bitch,13
prick,waffle,11
prick,burger,1
prick,cake,0
prick,nugget,7
prick,rag,2
prick,nozzle,6
prick,stain,10
prick,wagon,2
prick,weed,6
prick,hat,4
prick,canoe,0
prick,boat,0
prick,stick,23
prick,socket,0
prick,trumpet,0
prick,mitten,0
prick,twat,5
prick,dick,19
prick,cunt,8
prick,ass,48
prick,cock,2
prick,balls,0
prick,face,247
prick,head,200
prick,nuts,2
prick,brain,1
prick,brains,2
prick,knuckle,0
prick,mouth,2
prick,nose,5
prick,skull,0
prick,tard,39
prick,oid,1
prick,ster,190
prick,azoid,6
prick,let,26
prick,fuck,36
prick,shit,31
prick,fart,1
prick,wit,49
prick,lib,0
prick,breath,0
pussy,wad,10
pussy,bag,11
pussy,bucket,3
pussy,sack,4
pussy,ball,263
pussy,splash,0
pussy,pot,6
pussy,pile,752
pussy,weasel,2
pussy,monkey,0
pussy,dog,26
pussy,rat,2
pussy,bird,4
pussy,goblin,6
pussy,puffin,0
pussy,licker,385
pussy,muncher,24
pussy,fucker,167
pussy,sucker,8
pussy,lord,37
pussy,clown,3
pussy,slut,14
pussy,pirate,3
pussy,bro,6
pussy,nazi,1
pussy,whore,8
pussy,boy,2662
pussy,boi,1623
pussy,burglar,4
pussy,bandit,7
pussy,bitch,450
pussy,waffle,9
pussy,burger,50
pussy,cake,57
pussy,nugget,1
pussy,rag,13
pussy,nozzle,0
pussy,stain,2
pussy,wagon,818
pussy,weed,18
pussy,hat,2875
pussy,canoe,2
pussy,boat,14
pussy,stick,49
pussy,socket,0
pussy,trumpet,0
pussy,mitten,0
pussy,twat,28
pussy,dick,234
pussy,cunt,86
pussy,ass,1505
pussy,cock,136
pussy,balls,45
pussy,face,633
pussy,head,115
pussy,nuts,7
pussy,brain,18
pussy,brains,6
pussy,knuckle,3
pussy,mouth,105
pussy,nose,3
pussy,skull,0
pussy,tard,9
pussy,oid,0
pussy,ster,1
pussy,azoid,0
pussy,let,3
pussy,fuck,540
pussy,shit,405
pussy,fart,1038
pussy,wit,0
pussy,lib,1
pussy,breath,30
tit,wad,43
tit,bag,128
tit,bucket,6
tit,sack,24
tit,ball,121
tit,splash,1
tit,pot,3
tit,pile,0
tit,weasel,24
tit,monkey,7
tit,dog,6
tit,rat,78
tit,bird,30
tit,goblin,3
tit,puffin,0
tit,licker,43
tit,muncher,11
tit,fucker,6827
tit,sucker,102
tit,lord,57
tit,clown,4
tit,slut,12
tit,pirate,0
tit,bro,21
tit,nazi,1
tit,whore,28
tit,boy,56
tit,boi,11
tit,burglar,2
tit,bandit,0
tit,bitch,19
tit,waffle,31
tit,burger,32
tit,cake,16
tit,nugget,11
tit,rag,3
tit,nozzle,0
tit,stain,9
tit,wagon,12
tit,weed,6
tit,hat,11
tit,canoe,1
tit,boat,3
tit,stick,13
tit,socket,0
tit,trumpet,0
tit,mitten,1
tit,twat,5
tit,dick,85
tit,cunt,15
tit,ass,73
tit,cock,71
tit,balls,310
tit,face,215
tit,head,388
tit,nuts,6
tit,brain,7
tit,brains,5
tit,knuckle,3
tit,mouth,9
tit,nose,28
tit,skull,0
tit,tard,6
tit,oid,1
tit,ster,262
tit,azoid,0
tit,let,105
tit,fuck,30802.75
tit,shit,72
tit,fart,23
tit,wit,28
tit,lib,0
tit,breath,0
fuck,wad,84336.225
fuck,bag,9430
fuck,bucket,1300
fuck,sack,333
fuck,ball,1458
fuck,splash,22
fuck,pot,140
fuck,pile,684
fuck,weasel,808
fuck,monkey,396
fuck,dog,168
fuck,rat,115
fuck,bird,641
fuck,goblin,67
fuck,puffin,20
fuck,licker,33
fuck,muncher,37
fuck,fucker,48
fuck,sucker,75
fuck,lord,1218
fuck,clown,137
fuck,slut,1647
fuck,pirate,7
fuck,bro,58
fuck,nazi,13
fuck,whore,254
fuck,boy,109988.95000000001
fuck,boi,49880.975000000006
fuck,burglar,7
fuck,bandit,4
fuck,bitch,276
fuck,waffle,1003
fuck,burger,140
fuck,cake,118
fuck,nugget,10859
fuck,rag,430
fuck,nozzle,789
fuck,stain,6409
fuck,wagon,510
fuck,weed,369
fuck,hat,633
fuck,canoe,53
fuck,boat,183
fuck,stick,42636.850000000006
fuck,socket,55
fuck,trumpet,1290
fuck,mitten,13
fuck,twat,3296
fuck,dick,416
fuck,cunt,569
fuck,ass,17282
fuck,cock,76
fuck,balls,12148
fuck,face,125767.75000000001
fuck,head,123223.175
fuck,nuts,20122
fuck,brain,532
fuck,brains,283
fuck,knuckle,1723
fuck,mouth,254
fuck,nose,345
fuck,skull,65
fuck,tard,234587.90000000002
fuck,oid,41
fuck,ster,351
fuck,azoid,46
fuck,let,173
fuck,fuck,3916
fuck,shit,10609
fuck,fart,174
fuck,wit,228196.02500000002
fuck,lib,1
fuck,breath,46
wank,wad,9
wank,bag,311
wank,bucket,41
wank,sack,17
wank,ball,191
wank,splash,37
wank,pot,123
wank,pile,8
wank,weasel,5
wank,monkey,3
wank,dog,21
wank,rat,1
wank,bird,3
wank,goblin,12
wank,puffin,532
wank,licker,1
wank,muncher,0
wank,fucker,0
wank,sucker,0
wank,lord,97
wank,clown,0
wank,slut,2
wank,pirate,0
wank,bro,2
wank,nazi,0
wank,whore,1
wank,boy,28
wank,boi,8
wank,burglar,1
wank,bandit,0
wank,bitch,3
wank,waffle,10
wank,burger,7
wank,cake,3
wank,nugget,26
wank,rag,146
wank,nozzle,17
wank,stain,7756
wank,wagon,16
wank,weed,0
wank,hat,11
wank,canoe,0
wank,boat,2
wank,stick,73
wank,socket,1
wank,trumpet,21
wank,mitten,2
wank,twat,7
wank,dick,2
wank,cunt,6
wank,ass,16
wank,cock,38
wank,balls,7
wank,face,145
wank,head,81
wank,nuts,13
wank,brain,5
wank,brains,2
wank,knuckle,3
wank,mouth,1
wank,nose,1
wank,skull,3
wank,tard,158
wank,oid,4
wank,ster,908
wank,azoid,1
wank,let,14
wank,fuck,48
wank,shit,45
wank,fart,34
wank,wit,7
wank,lib,0
wank,breath,3
dumb,wad,70
dumb,bag,25
dumb,bucket,5
dumb,sack,9
dumb,ball,70
dumb,splash,0
dumb,pot,5
dumb,pile,1
dumb,weasel,2
dumb,monkey,6
dumb,dog,276
dumb,rat,5
dumb,bird,22
dumb,goblin,0
dumb,puffin,0
dumb,licker,0
dumb,muncher,0
dumb,fucker,353
dumb,sucker,1
dumb,lord,43
dumb,clown,3
dumb,slut,90
dumb,pirate,0
dumb,bro,16
dumb,nazi,0
dumb,whore,57
dumb,boy,45
dumb,boi,69
dumb,burglar,0
dumb,bandit,0
dumb,bitch,6430
dumb,waffle,4
dumb,burger,4
dumb,cake,12
dumb,nugget,18
dumb,rag,1
dumb,nozzle,1
dumb,stain,7
dumb,wagon,7
dumb,weed,10
dumb,hat,22
dumb,canoe,0
dumb,boat,3
dumb,stick,111
dumb,socket,0
dumb,trumpet,1
dumb,mitten,0
dumb,twat,51
dumb,dick,484
dumb,cunt,3699
dumb,ass,3631047.6500000004
dumb,cock,39
dumb,balls,31
dumb,face,892
dumb,head,1609
dumb,nuts,884
dumb,brain,51
dumb,brains,4
dumb,knuckle,2
dumb,mouth,5
dumb,nose,1
dumb,skull,77
dumb,tard,637
dumb,oid,9
dumb,ster,3239
dumb,azoid,1
dumb,let,21
dumb,fuck,191951.05000000002
dumb,shit,85285.875
dumb,fart,44
dumb,wit,879
dumb,lib,3
dumb,breath,0
lame,wad,403
lame,bag,4
lame,bucket,0
lame,sack,3
lame,ball,38
lame,splash,0
lame,pot,1
lame,pile,0
lame,weasel,0
lame,monkey,2
lame,dog,37
lame,rat,238
lame,bird,3
lame,goblin,1
lame,puffin,0
lame,licker,0
lame,muncher,0
lame,fucker,1
lame,sucker,0
lame,lord,20
lame,clown,0
lame,slut,1
lame,pirate,1
lame,bro,34
lame,nazi,0
lame,whore,0
lame,boy,353
lame,boi,55
lame,burglar,0
lame,bandit,0
lame,bitch,4
lame,waffle,1
lame,burger,21
lame,cake,16
lame,nugget,0
lame,rag,0
lame,nozzle,0
lame,stain,139
lame,wagon,1
lame,weed,0
lame,hat,1
lame,canoe,0
lame,boat,9
lame,stick,3
lame,socket,0
lame,trumpet,0
lame,mitten,0
lame,twat,1
lame,dick,71
lame,cunt,6
lame,ass,6662
lame,cock,19
lame,balls,81
lame,face,54
lame,head,28
lame,nuts,2
lame,brain,931
lame,brains,1116
lame,knuckle,0
lame,mouth,3
lame,nose,1
lame,skull,0
lame,tard,58
lame,oid,108
lame,ster,55
lame,azoid,8
lame,let,0
lame,fuck,58
lame,shit,73
lame,fart,6
lame,wit,1
lame,lib,2
lame,breath,0
gay,wad,1947
gay,bag,22
gay,bucket,0
gay,sack,10
gay,ball,194
gay,splash,0
gay,pot,9
gay,pile,23
gay,weasel,0
gay,monkey,2
gay,dog,45
gay,rat,93
gay,bird,86
gay,goblin,4
gay,puffin,0
gay,licker,1
gay,muncher,0
gay,fucker,13
gay,sucker,1
gay,lord,44913.575000000004
gay,clown,6
gay,slut,31
gay,pirate,2
gay,bro,12267
gay,nazi,43
gay,whore,19
gay,boy,5476
gay,boi,4532
gay,burglar,0
gay,bandit,7
gay,bitch,31
gay,waffle,1
gay,burger,22
gay,cake,43
gay,nugget,2
gay,rag,1
gay,nozzle,0
gay,stain,1
gay,wagon,15
gay,weed,80
gay,hat,11
gay,canoe,0
gay,boat,9
gay,stick,5
gay,socket,0
gay,trumpet,0
gay,mitten,0
gay,twat,15
gay,dick,60
gay,cunt,201
gay,ass,5127
gay,cock,111
gay,balls,240
gay,face,863
gay,head,147
gay,nuts,15
gay,brain,10
gay,brains,2
gay,knuckle,0
gay,mouth,13
gay,nose,5
gay,skull,335
gay,tard,676
gay,oid,4
gay,ster,90
gay,azoid,0
gay,let,17
gay,fuck,129
gay,shit,634
gay,fart,12
gay,wit,0
gay,lib,33
gay,breath,0
homo,wad,1
homo,bag,1
homo,bucket,0
homo,sack,0
homo,ball,23
homo,splash,0
homo,pot,0
homo,pile,0
homo,weasel,0
homo,monkey,0
homo,dog,6
homo,rat,1
homo,bird,3
homo,goblin,165
homo,puffin,0
homo,licker,1
homo,muncher,0
homo,fucker,8
homo,sucker,5
homo,lord,25
homo,clown,1
homo,slut,4
homo,pirate,0
homo,bro,94
homo,nazi,121
homo,whore,2
homo,boy,60
homo,boi,10
homo,burglar,1
homo,bandit,0
homo,bitch,9
homo,waffle,0
homo,burger,10
homo,cake,4
homo,nugget,0
homo,rag,0
homo,nozzle,0
homo,stain,0
homo,wagon,2
homo,weed,4
homo,hat,89
homo,canoe,0
homo,boat,1
homo,stick,1
homo,socket,0
homo,trumpet,0
homo,mitten,0
homo,twat,0
homo,dick,4
homo,cunt,5
homo,ass,11
homo,cock,1
homo,balls,9
homo,face,14
homo,head,3
homo,nuts,0
homo,brain,2
homo,brains,1
homo,knuckle,0
homo,mouth,2
homo,nose,0
homo,skull,0
homo,tard,20
homo,oid,0
homo,ster,2
homo,azoid,0
homo,let,2
homo,fuck,40
homo,shit,63
homo,fart,0
homo,wit,0
homo,lib,1
homo,breath,1
queer,wad,3
queer,bag,193
queer,bucket,2
queer,sack,1
queer,ball,50
queer,splash,0
queer,pot,0
queer,pile,1
queer,weasel,0
queer,monkey,0
queer,dog,1
queer,rat,54
queer,bird,2
queer,goblin,0
queer,puffin,0
queer,licker,1
queer,muncher,0
queer,fucker,0
queer,sucker,0
queer,lord,30
queer,clown,0
queer,slut,0
queer,pirate,0
queer,bro,9
queer,nazi,0
queer,whore,1
queer,boy,218
queer,boi,59
queer,burglar,0
queer,bandit,0
queer,bitch,3
queer,waffle,0
queer,burger,23
queer,cake,15
queer,nugget,1
queer,rag,0
queer,nozzle,1
queer,stain,2
queer,wagon,0
queer,weed,1
queer,hat,0
queer,canoe,0
queer,boat,10
queer,stick,5
queer,socket,0
queer,trumpet,0
queer,mitten,0
queer,twat,0
queer,dick,7
queer,cunt,6
queer,ass,64
queer,cock,0
queer,balls,15
queer,face,22
queer,head,7
queer,nuts,3
queer,brain,0
queer,brains,1
queer,knuckle,0
queer,mouth,2
queer,nose,5
queer,skull,1
queer,tard,16
queer,oid,29
queer,ster,2
queer,azoid,0
queer,let,3
queer,fuck,13
queer,shit,22
queer,fart,55
queer,wit,0
queer,lib,2
queer,breath,1
fag,wad,119
fag,bag,907
fag,bucket,16
fag,sack,9
fag,ball,156
fag,splash,0
fag,pot,10
fag,pile,7
fag,weasel,2
fag,monkey,7
fag,dog,17
fag,rat,9
fag,bird,1
fag,goblin,0
fag,puffin,19
fag,licker,6
fag,muncher,32
fag,fucker,39
fag,sucker,1
fag,lord,2153
fag,clown,4
fag,slut,101
fag,pirate,1
fag,bro,51
fag,nazi,6
fag,whore,31
fag,boy,1999
fag,boi,890
fag,burglar,0
fag,bandit,0
fag,bitch,48
fag,waffle,5
fag,burger,19
fag,cake,13
fag,nugget,13
fag,rag,11
fag,nozzle,7
fag,stain,13
fag,wagon,106
fag,weed,7
fag,hat,373
fag,canoe,1
fag,boat,39
fag,stick,102
fag,socket,0
fag,trumpet,0
fag,mitten,0
fag,twat,10
fag,dick,63
fag,cunt,64
fag,ass,246
fag,cock,13
fag,balls,390
fag,face,215
fag,head,51
fag,nuts,75
fag,brain,3
fag,brains,5
fag,knuckle,3
fag,mouth,46
fag,nose,8
fag,skull,0
fag,tard,1074
fag,oid,35
fag,ster,65
fag,azoid,17
fag,let,303
fag,fuck,134
fag,shit,413
fag,fart,15
fag,wit,7
fag,lib,5
fag,breath,17
douche,wad,1447
douche,bag,1167302.475
douche,bucket,400
douche,sack,87
douche,ball,226
douche,splash,2
douche,pot,29
douche,pile,22
douche,weasel,233
douche,monkey,243
douche,dog,17
douche,rat,10
douche,bird,46
douche,goblin,29
douche,puffin,0
douche,licker,16
douche,muncher,10
douche,fucker,93
douche,sucker,17
douche,lord,3651
douche,clown,258
douche,slut,6
douche,pirate,5
douche,bro,5570
douche,nazi,12
douche,whore,25
douche,boy,191
douche,boi,11
douche,burglar,7
douche,bandit,6
douche,bitch,52
douche,waffle,1718
douche,burger,183
douche,cake,223
douche,nugget,2106
douche,rag,173
douche,nozzle,46106.725000000006
douche,stain,45
douche,wagon,762
douche,weed,42
douche,hat,489
douche,canoe,25607
douche,boat,81
douche,stick,74
douche,socket,3
douche,trumpet,30
douche,mitten,1
douche,twat,184
douche,dick,493
douche,cunt,636
douche,ass,137
douche,cock,316
douche,balls,76
douche,face,1400
douche,head,115
douche,nuts,134
douche,brain,23
douche,brains,2
douche,knuckle,349
douche,mouth,18
douche,nose,15
douche,skull,3
douche,tard,1533
douche,oid,0
douche,ster,78
douche,azoid,1
douche,let,28
douche,fuck,1726
douche,shit,50
douche,fart,61
douche,wit,35
douche,lib,61
douche,breath,14
jerk,wad,9572
jerk,bag,1678
jerk,bucket,4
jerk,sack,6
jerk,ball,62
jerk,splash,0
jerk,pot,29
jerk,pile,2
jerk,weasel,19
jerk,monkey,12
jerk,dog,29
jerk,rat,26
jerk,bird,26
jerk,goblin,0
jerk,puffin,0
jerk,licker,0
jerk,muncher,0
jerk,fucker,2
jerk,sucker,0
jerk,lord,26
jerk,clown,2
jerk,slut,29
jerk,pirate,0
jerk,bro,22
jerk,nazi,0
jerk,whore,1
jerk,boy,291
jerk,boi,51
jerk,burglar,0
jerk,bandit,1
jerk,bitch,15
jerk,waffle,41
jerk,burger,30
jerk,cake,3
jerk,nugget,31
jerk,rag,3
jerk,nozzle,14
jerk,stain,16
jerk,wagon,490
jerk,weed,291
jerk,hat,23
jerk,canoe,1
jerk,boat,3
jerk,stick,13
jerk,socket,0
jerk,trumpet,0
jerk,mitten,0
jerk,twat,4
jerk,dick,51
jerk,cunt,2
jerk,ass,10866
jerk,cock,3
jerk,balls,25
jerk,face,13791
jerk,head,268
jerk,nuts,25
jerk,brain,383
jerk,brains,21
jerk,knuckle,0
jerk,mouth,5
jerk,nose,10
jerk,skull,0
jerk,tard,25
jerk,oid,36
jerk,ster,26
jerk,azoid,32
jerk,let,2
jerk,fuck,40
jerk,shit,21
jerk,fart,3
jerk,wit,4
jerk,lib,1
jerk,breath,1
dork,wad,307
dork,bag,34
dork,bucket,2
dork,sack,0
dork,ball,43
dork,splash,0
dork,pot,0
dork,pile,1
dork,weasel,4
dork,monkey,1
dork,dog,4
dork,rat,3
dork,bird,5
dork,goblin,0
dork,puffin,0
dork,licker,0
dork,muncher,4
dork,fucker,1
dork,sucker,1
dork,lord,460
dork,clown,1
dork,slut,0
dork,pirate,0
dork,bro,4
dork,nazi,0
dork,whore,0
dork,boy,38
dork,boi,4
dork,burglar,0
dork,bandit,0
dork,bitch,3
dork,waffle,11
dork,burger,11
dork,cake,1
dork,nugget,7
dork,rag,0
dork,nozzle,5
dork,stain,1
dork,wagon,7
dork,weed,7
dork,hat,2
dork,canoe,0
dork,boat,31
dork,stick,31
dork,socket,0
dork,trumpet,0
dork,mitten,0
dork,twat,0
dork,dick,9
dork,cunt,1
dork,ass,444
dork,cock,1
dork,balls,9
dork,face,309
dork,head,38
dork,nuts,13
dork,brain,11
dork,brains,36
dork,knuckle,0
dork,mouth,3
dork,nose,4
dork,skull,1
dork,tard,13
dork,oid,15
dork,ster,50
dork,azoid,73
dork,let,79
dork,fuck,12
dork,shit,18
dork,fart,5
dork,wit,1
dork,lib,0
dork,breath,2
creep,wad,60
creep,bag,92
creep,bucket,1
creep,sack,4
creep,ball,90
creep,splash,0
creep,pot,0
creep,pile,0
creep,weasel,0
creep,monkey,1
creep,dog,9
creep,rat,1
creep,bird,0
creep,goblin,0
creep,puffin,0
creep,licker,0
creep,muncher,0
creep,fucker,2
creep,sucker,0
creep,lord,137
creep,clown,0
creep,slut,0
creep,pirate,0
creep,bro,9
creep,nazi,0
creep,whore,0
creep,boy,15
creep,boi,5
creep,burglar,0
creep,bandit,0
creep,bitch,0
creep,waffle,0
creep,burger,0
creep,cake,21
creep,nugget,4
creep,rag,0
creep,nozzle,0
creep,stain,10
creep,wagon,8
creep,weed,2
creep,hat,12
creep,canoe,0
creep,boat,2
creep,stick,6
creep,socket,0
creep,trumpet,0
creep,mitten,0
creep,twat,0
creep,dick,14
creep,cunt,1
creep,ass,192
creep,cock,0
creep,balls,47
creep,face,159
creep,head,10
creep,nuts,2
creep,brain,1
creep,brains,1
creep,knuckle,0
creep,mouth,0
creep,nose,0
creep,skull,0
creep,tard,140
creep,oid,584
creep,ster,3581
creep,azoid,1999
creep,let,8
creep,fuck,49
creep,shit,56
creep,fart,0
creep,wit,0
creep,lib,0
creep,breath,0
dip,wad,2350
dip,bag,9
dip,bucket,0
dip,sack,0
dip,ball,2
dip,splash,0
dip,pot,3
dip,pile,0
dip,weasel,3
dip,monkey,1
dip,dog,8
dip,rat,0
dip,bird,1
dip,goblin,0
dip,puffin,0
dip,licker,2
dip,muncher,0
dip,fucker,13
dip,sucker,2
dip,lord,29
dip,clown,28
dip,slut,22
dip,pirate,0
dip,bro,5
dip,nazi,0
dip,whore,1
dip,boy,4
dip,boi,3
dip,burglar,0
dip,bandit,0
dip,bitch,0
dip,waffle,3
dip,burger,0
dip,cake,1
dip,nugget,32
dip,rag,0
dip,nozzle,8
dip,stain,9
dip,wagon,0
dip,weed,260
dip,hat,3
dip,canoe,0
dip,boat,0
dip,stick,59925.350000000006
dip,socket,0
dip,trumpet,0
dip,mitten,0
dip,twat,26
dip,dick,43
dip,cunt,31
dip,ass,1177
dip,cock,7
dip,balls,1
dip,face,40
dip,head,79
dip,nuts,38
dip,brain,10
dip,brains,1
dip,knuckle,2
dip,mouth,5
dip,nose,1
dip,skull,0
dip,tard,452
dip,oid,2
dip,ster,708
dip,azoid,0
dip,let,14
dip,fuck,1800
dip,shit,863706.675
dip,fart,9
dip,wit,206
dip,lib,8
dip,breath,0
nazi,wad,3
nazi,bag,1
nazi,bucket,0
nazi,sack,3
nazi,ball,180
nazi,splash,0
nazi,pot,1
nazi,pile,1
nazi,weasel,0
nazi,monkey,0
nazi,dog,10
nazi,rat,2
nazi,bird,14
nazi,goblin,0
nazi,puffin,0
nazi,licker,0
nazi,muncher,0
nazi,fucker,13
nazi,sucker,1
nazi,lord,11
nazi,clown,14
nazi,slut,1
nazi,pirate,1
nazi,bro,29
nazi,nazi,36
nazi,whore,5
nazi,boy,175
nazi,boi,285
nazi,burglar,0
nazi,bandit,0
nazi,bitch,17
nazi,waffle,1
nazi,burger,43
nazi,cake,5
nazi,nugget,6
nazi,rag,2
nazi,nozzle,0
nazi,stain,1
nazi,wagon,10
nazi,weed,1
nazi,hat,6
nazi,canoe,0
nazi,boat,2
nazi,stick,6
nazi,socket,0
nazi,trumpet,1
nazi,mitten,0
nazi,twat,1
nazi,dick,12
nazi,cunt,27
nazi,ass,8
nazi,cock,10
nazi,balls,26
nazi,face,23
nazi,head,11
nazi,nuts,1
nazi,brain,3
nazi,brains,2
nazi,knuckle,0
nazi,mouth,16
nazi,nose,0
nazi,skull,1
nazi,tard,62
nazi,oid,4
nazi,ster,20195
nazi,azoid,0
nazi,let,3
nazi,fuck,28
nazi,shit,90
nazi,fart,0
nazi,wit,0
nazi,lib,3
nazi,breath,0
geek,wad,82
geek,bag,4
geek,bucket,1
geek,sack,0
geek,ball,8
geek,splash,1
geek,pot,0
geek,pile,0
geek,weasel,1
geek,monkey,6
geek,dog,0
geek,rat,13
geek,bird,1
geek,goblin,0
geek,puffin,0
geek,licker,0
geek,muncher,0
geek,fucker,0
geek,sucker,0
geek,lord,51
geek,clown,0
geek,slut,2
geek,pirate,1
geek,bro,38
geek,nazi,0
geek,whore,1
geek,boy,192
geek,boi,13
geek,burglar,0
geek,bandit,0
geek,bitch,1
geek,waffle,0
geek,burger,35
geek,cake,1
geek,nugget,0
geek,rag,0
geek,nozzle,0
geek,stain,0
geek,wagon,13
geek,weed,7
geek,hat,3
geek,canoe,0
geek,boat,1
geek,stick,4
geek,socket,1
geek,trumpet,0
geek,mitten,0
geek,twat,0
geek,dick,15
geek,cunt,0
geek,ass,32
geek,cock,0
geek,balls,2
geek,face,50
geek,head,16
geek,nuts,0
geek,brain,3
geek,brains,7
geek,knuckle,0
geek,mouth,1
geek,nose,0
geek,skull,0
geek,tard,26
geek,oid,80
geek,ster,104
geek,azoid,125
geek,let,563
geek,fuck,3
geek,shit,15
geek,fart,1
geek,wit,1
geek,lib,0
geek,breath,0
slut,wad,3
slut,bag,1902
slut,bucket,172
slut,sack,4
slut,ball,24
slut,splash,0
slut,pot,1
slut,pile,7
slut,weasel,5
slut,monkey,28
slut,dog,54
slut,rat,2
slut,bird,4
slut,goblin,3
slut,puffin,0
slut,licker,1
slut,muncher,2
slut,fucker,54
slut,sucker,3
slut,lord,483
slut,clown,7
slut,slut,27
slut,pirate,4
slut,bro,1
slut,nazi,1
slut,whore,587
slut,boy,254
slut,boi,64
slut,burglar,0
slut,bandit,2
slut,bitch,66
slut,waffle,11
slut,burger,41
slut,cake,71
slut,nugget,33
slut,rag,11
slut,nozzle,2
slut,stain,4
slut,wagon,19
slut,weed,3
slut,hat,1
slut,canoe,1
slut,boat,3
slut,stick,7
slut,socket,1
slut,trumpet,0
slut,mitten,0
slut,twat,0
slut,dick,5
slut,cunt,67
slut,ass,189
slut,cock,13
slut,balls,16
slut,face,490
slut,head,15
slut,nuts,3
slut,brain,12
slut,brains,1
slut,knuckle,1
slut,mouth,84
slut,nose,4
slut,skull,1
slut,tard,11
slut,oid,4
slut,ster,13
slut,azoid,0
slut,let,19
slut,fuck,74
slut,shit,8
slut,fart,40
slut,wit,0
slut,lib,0
slut,breath,0
whore,wad,0
whore,bag,1506
whore,bucket,22
whore,sack,5
whore,ball,4
whore,splash,0
whore,pot,1
whore,pile,0
whore,weasel,1
whore,monkey,7
whore,dog,56
whore,rat,19
whore,bird,2
whore,goblin,8
whore,puffin,0
whore,licker,2
whore,muncher,1
whore,fucker,73
whore,sucker,1
whore,lord,95
whore,clown,20
whore,slut,217
whore,pirate,1
whore,bro,2
whore,nazi,0
whore,whore,9
whore,boy,46
whore,boi,5
whore,burglar,0
whore,bandit,0
whore,bitch,182
whore,waffle,1
whore,burger,15
whore,cake,43
whore,nugget,5
whore,rag,7
whore,nozzle,0
whore,stain,2
whore,wagon,4
whore,weed,2
whore,hat,2
whore,canoe,1
whore,boat,11
whore,stick,5
whore,socket,0
whore,trumpet,0
whore,mitten,0
whore,twat,3
whore,dick,5
whore,cunt,158
whore,ass,92
whore,cock,12
whore,balls,5
whore,face,386
whore,head,45
whore,nuts,3
whore,brain,5
whore,brains,0
whore,knuckle,1
whore,mouth,253
whore,nose,0
whore,skull,0
whore,tard,18
whore,oid,0
whore,ster,11
whore,azoid,0
whore,let,34
whore,fuck,32
whore,shit,467
whore,fart,22
whore,wit,0
whore,lib,0
whore,breath,6
bitch,wad,95
bitch,bag,177
bitch,bucket,6
bitch,sack,5
bitch,ball,162
bitch,splash,0
bitch,pot,2
bitch,pile,5
bitch,weasel,7
bitch,monkey,46
bitch,dog,39
bitch,rat,10
bitch,bird,22
bitch,goblin,5
bitch,puffin,0
bitch,licker,10
bitch,muncher,0
bitch,fucker,114
bitch,sucker,2
bitch,lord,155
bitch,clown,8
bitch,slut,152
bitch,pirate,0
bitch,bro,9
bitch,nazi,6
bitch,whore,299
bitch,boy,11253
bitch,boi,3127
bitch,burglar,4
bitch,bandit,0
bitch,bitch,103
bitch,waffle,45
bitch,burger,25
bitch,cake,133
bitch,nugget,161
bitch,rag,7
bitch,nozzle,20
bitch,stain,9
bitch,wagon,64
bitch,weed,19
bitch,hat,3
bitch,canoe,16
bitch,boat,37
bitch,stick,86
bitch,socket,4
bitch,trumpet,0
bitch,mitten,3
bitch,twat,21
bitch,dick,153
bitch,cunt,603
bitch,ass,35551
bitch,cock,155
bitch,balls,32
bitch,face,13086
bitch,head,103
bitch,nuts,153
bitch,brain,20
bitch,brains,7
bitch,knuckle,1
bitch,mouth,83
bitch,nose,5
bitch,skull,1
bitch,tard,167
bitch,oid,7
bitch,ster,37
bitch,azoid,19
bitch,let,242
bitch,fuck,391
bitch,shit,155
bitch,fart,54
bitch,wit,20
bitch,lib,3
bitch,breath,3
lard,wad,3
lard,bag,99
lard,bucket,270
lard,sack,58
lard,ball,517
lard,splash,0
lard,pot,4
lard,pile,14
lard,weasel,0
lard,monkey,1
lard,dog,0
lard,rat,0
lard,bird,0
lard,goblin,8
lard,puffin,0
lard,licker,2
lard,muncher,3
lard,fucker,7
lard,sucker,4
lard,lord,213
lard,clown,1
lard,slut,0
lard,pirate,0
lard,bro,2
lard,nazi,0
lard,whore,3
lard,boy,92
lard,boi,12
lard,burglar,0
lard,bandit,0
lard,bitch,6
lard,waffle,0
lard,burger,34
lard,cake,35
lard,nugget,3
lard,rag,0
lard,nozzle,0
lard,stain,1
lard,wagon,11
lard,weed,0
lard,hat,4
lard,canoe,0
lard,boat,7
lard,stick,3
lard,socket,0
lard,trumpet,0
lard,mitten,0
lard,twat,1
lard,dick,0
lard,cunt,4
lard,ass,12736
lard,cock,1
lard,balls,211
lard,face,52
lard,head,25
lard,nuts,1
lard,brain,21
lard,brains,10
lard,knuckle,0
lard,mouth,9
lard,nose,0
lard,skull,1
lard,tard,113
lard,oid,2
lard,ster,4
lard,azoid,0
lard,let,5
lard,fuck,38
lard,shit,27
lard,fart,1
lard,wit,0
lard,lib,0
lard,breath,1
scum,wad,174
scum,bag,1347188.1
scum,bucket,1361
scum,sack,96
scum,ball,1452
scum,splash,2
scum,pot,5
scum,pile,41
scum,weasel,13
scum,monkey,0
scum,dog,479
scum,rat,91
scum,bird,18
scum,goblin,2
scum,puffin,0
scum,licker,15
scum,muncher,1
scum,fucker,285
scum,sucker,572
scum,lord,4239
scum,clown,4
scum,slut,10
scum,pirate,2
scum,bro,105
scum,nazi,0
scum,whore,35
scum,boy,62
scum,boi,27
scum,burglar,0
scum,bandit,0
scum,bitch,39
scum,waffle,13
scum,burger,29
scum,cake,13
scum,nugget,12
scum,rag,46
scum,nozzle,3
scum,stain,50
scum,wagon,10
scum,weed,0
scum,hat,6
scum,canoe,1
scum,boat,10
scum,stick,2
scum,socket,0
scum,trumpet,0
scum,mitten,0
scum,twat,22
scum,dick,41
scum,cunt,300
scum,ass,66
scum,cock,16
scum,balls,505
scum,face,89
scum,head,27
scum,nuts,14
scum,brain,18
scum,brains,8
scum,knuckle,0
scum,mouth,0
scum,nose,0
scum,skull,1
scum,tard,57
scum,oid,5
scum,ster,25
scum,azoid,0
scum,let,14
scum,fuck,12741
scum,shit,331
scum,fart,2
scum,wit,0
scum,lib,1
scum,breath,2
slime,wad,53
slime,bag,2800
slime,bucket,204
slime,sack,13
slime,ball,33254
slime,splash,0
slime,pot,10
slime,pile,9
slime,weasel,11
slime,monkey,1
slime,dog,45
slime,rat,4
slime,bird,0
slime,goblin,0
slime,puffin,0
slime,licker,1
slime,muncher,0
slime,fucker,6
slime,sucker,5
slime,lord,104
slime,clown,0
slime,slut,2
slime,pirate,0
slime,bro,47
slime,nazi,0
slime,whore,0
slime,boy,91
slime,boi,74
slime,burglar,0
slime,bandit,0
slime,bitch,3
slime,waffle,0
slime,burger,31
slime,cake,2
slime,nugget,1
slime,rag,1
slime,nozzle,0
slime,stain,5
slime,wagon,1
slime,weed,5
slime,hat,8
slime,canoe,0
slime,boat,0
slime,stick,0
slime,socket,0
slime,trumpet,0
slime,mitten,0
slime,twat,1
slime,dick,10
slime,cunt,40
slime,ass,4
slime,cock,6
slime,balls,10189
slime,face,48
slime,head,136
slime,nuts,2
slime,brain,6
slime,brains,4
slime,knuckle,0
slime,mouth,0
slime,nose,4
slime,skull,3
slime,tard,4
slime,oid,3
slime,ster,14
slime,azoid,0
slime,let,0
slime,fuck,60
slime,shit,25
slime,fart,8
slime,wit,0
slime,lib,0
slime,breath,2
dirt,wad,102
dirt,bag,121165.6
dirt,bucket,7
dirt,sack,31
dirt,ball,4438
dirt,splash,0
dirt,pot,5
dirt,pile,384
dirt,weasel,5
dirt,monkey,48
dirt,dog,58
dirt,rat,8
dirt,bird,174
dirt,goblin,2
dirt,puffin,0
dirt,licker,29
dirt,muncher,16
dirt,fucker,22
dirt,sucker,12
dirt,lord,93
dirt,clown,3
dirt,slut,68
dirt,pirate,31
dirt,bro,9
dirt,nazi,0
dirt,whore,3
dirt,boy,641
dirt,boi,23
dirt,burglar,29
dirt,bandit,2
dirt,bitch,2
dirt,waffle,1
dirt,burger,11
dirt,cake,23
dirt,nugget,1
dirt,rag,109
dirt,nozzle,1
dirt,stain,23
dirt,wagon,1
dirt,weed,421
dirt,hat,0
dirt,canoe,0
dirt,boat,2
dirt,stick,15
dirt,socket,0
dirt,trumpet,0
dirt,mitten,0
dirt,twat,0
dirt,dick,25
dirt,cunt,21
dirt,ass,65
dirt,cock,4
dirt,balls,1164
dirt,face,79
dirt,head,93
dirt,nuts,1
dirt,brain,19
dirt,brains,6
dirt,knuckle,5
dirt,mouth,4175
dirt,nose,93
dirt,skull,0
dirt,tard,0
dirt,oid,0
dirt,ster,32
dirt,azoid,0
dirt,let,1
dirt,fuck,33
dirt,shit,91
dirt,fart,0
dirt,wit,0
dirt,lib,1
dirt,breath,3
skeeze,wad,4
skeeze,bag,301
skeeze,bucket,13
skeeze,sack,0
skeeze,ball,838
skeeze,splash,0
skeeze,pot,0
skeeze,pile,0
skeeze,weasel,0
skeeze,monkey,0
skeeze,dog,0
skeeze,rat,0
skeeze,bird,0
skeeze,goblin,0
skeeze,puffin,0
skeeze,licker,0
skeeze,muncher,0
skeeze,fucker,0
skeeze,sucker,0
skeeze,lord,6
skeeze,clown,0
skeeze,slut,0
skeeze,pirate,0
skeeze,bro,0
skeeze,nazi,0
skeeze,whore,1
skeeze,boy,0
skeeze,boi,0
skeeze,burglar,0
skeeze,bandit,0
skeeze,bitch,0
skeeze,waffle,0
skeeze,burger,0
skeeze,cake,0
skeeze,nugget,0
skeeze,rag,0
skeeze,nozzle,0
skeeze,stain,0
skeeze,wagon,0
skeeze,weed,0
skeeze,hat,0
skeeze,canoe,0
skeeze,boat,0
skeeze,stick,0
skeeze,socket,0
skeeze,trumpet,0
skeeze,mitten,0
skeeze,twat,0
skeeze,dick,0
skeeze,cunt,0
skeeze,ass,0
skeeze,cock,0
skeeze,balls,229
skeeze,face,0
skeeze,head,1
skeeze,nuts,0
skeeze,brain,0
skeeze,brains,0
skeeze,knuckle,0
skeeze,mouth,0
skeeze,nose,0
skeeze,skull,0
skeeze,tard,0
skeeze,oid,1
skeeze,ster,0
skeeze,azoid,0
skeeze,let,5
skeeze,fuck,0
skeeze,shit,0
skeeze,fart,0
skeeze,wit,0
skeeze,lib,0
skeeze,breath,0
sleaze,wad,14
sleaze,bag,11902
sleaze,bucket,120
sleaze,sack,1
sleaze,ball,13842
sleaze,splash,0
sleaze,pot,1
sleaze,pile,0
sleaze,weasel,3
sleaze,monkey,2
sleaze,dog,4
sleaze,rat,2
sleaze,bird,0
sleaze,goblin,1
sleaze,puffin,0
sleaze,licker,0
sleaze,muncher,0
sleaze,fucker,0
sleaze,sucker,0
sleaze,lord,12
sleaze,clown,0
sleaze,slut,0
sleaze,pirate,0
sleaze,bro,1
sleaze,nazi,0
sleaze,whore,2
sleaze,boy,3
sleaze,boi,0
sleaze,burglar,0
sleaze,bandit,0
sleaze,bitch,0
sleaze,waffle,0
sleaze,burger,21
sleaze,cake,14
sleaze,nugget,0
sleaze,rag,1
sleaze,nozzle,1
sleaze,stain,1
sleaze,wagon,0
sleaze,weed,0
sleaze,hat,0
sleaze,canoe,0
sleaze,boat,0
sleaze,stick,0
sleaze,socket,0
sleaze,trumpet,0
sleaze,mitten,0
sleaze,twat,1
sleaze,dick,0
sleaze,cunt,1
sleaze,ass,1
sleaze,cock,0
sleaze,balls,3473
sleaze,face,2
sleaze,head,0
sleaze,nuts,0
sleaze,brain,0
sleaze,brains,0
sleaze,knuckle,0
sleaze,mouth,0
sleaze,nose,0
sleaze,skull,0
sleaze,tard,2
sleaze,oid,7
sleaze,ster,1
sleaze,azoid,0
sleaze,let,0
sleaze,fuck,13
sleaze,shit,1
sleaze,fart,0
sleaze,wit,0
sleaze,lib,0
sleaze,breath,0
dog,wad,2
dog,bag,30
dog,bucket,1
dog,sack,4
dog,ball,151
dog,splash,10
dog,pot,19
dog,pile,42953.4
dog,weasel,1
dog,monkey,22
dog,dog,1287
dog,rat,44
dog,bird,249
dog,goblin,2
dog,puffin,0
dog,licker,11
dog,muncher,5
dog,fucker,3806
dog,sucker,9
dog,lord,66
dog,clown,6
dog,slut,30
dog,pirate,2
dog,bro,372
dog,nazi,1
dog,whore,15
dog,boy,1146
dog,boi,114
dog,burglar,14
dog,bandit,0
dog,bitch,14
dog,waffle,39
dog,burger,99
dog,cake,28
dog,nugget,5
dog,rag,3
dog,nozzle,4
dog,stain,13
dog,wagon,11
dog,weed,135
dog,hat,49
dog,canoe,0
dog,boat,42
dog,stick,8
dog,socket,0
dog,trumpet,1
dog,mitten,3
dog,twat,1
dog,dick,464
dog,cunt,253
dog,ass,557
dog,cock,125
dog,balls,282
dog,face,4049
dog,head,958
dog,nuts,1011
dog,brain,346
dog,brains,185
dog,knuckle,0
dog,mouth,48
dog,nose,184
dog,skull,20
dog,tard,57
dog,oid,20
dog,ster,421
dog,azoid,1
dog,let,560
dog,fuck,510
dog,shit,679523.275
dog,fart,2639
dog,wit,18
dog,lib,0
dog,breath,307
monkey,wad,0
monkey,bag,4
monkey,bucket,1
monkey,sack,1
monkey,ball,1323
monkey,splash,0
monkey,pot,106
monkey,pile,5
monkey,weasel,0
monkey,monkey,37
monkey,dog,56
monkey,rat,15
monkey,bird,73
monkey,goblin,3
monkey,puffin,0
monkey,licker,7
monkey,muncher,0
monkey,fucker,193
monkey,sucker,6
monkey,lord,214
monkey,clown,7
monkey,slut,239
monkey,pirate,4
monkey,bro,85
monkey,nazi,0
monkey,whore,3
monkey,boy,870
monkey,boi,121
monkey,burglar,1
monkey,bandit,0
monkey,bitch,9
monkey,waffle,1
monkey,burger,9
monkey,cake,2
monkey,nugget,2
monkey,rag,0
monkey,nozzle,0
monkey,stain,1
monkey,wagon,0
monkey,weed,3
monkey,hat,12
monkey,canoe,0
monkey,boat,2
monkey,stick,4
monkey,socket,0
monkey,trumpet,11
monkey,mitten,0
monkey,twat,6
monkey,dick,83
monkey,cunt,39
monkey,ass,95
monkey,cock,23
monkey,balls,1021
monkey,face,625
monkey,head,138
monkey,nuts,182
monkey,brain,815
monkey,brains,1164
monkey,knuckle,4
monkey,mouth,20
monkey,nose,30
monkey,skull,10
monkey,tard,16
monkey,oid,3
monkey,ster,1
monkey,azoid,0
monkey,let,0
monkey,fuck,251
monkey,shit,383
monkey,fart,17
monkey,wit,0
monkey,lib,0
monkey,breath,133
rat,wad,2
rat,bag,4742
rat,bucket,2
rat,sack,177
rat,ball,99
rat,splash,0
rat,pot,6
rat,pile,34
rat,weasel,12
rat,monkey,31
rat,dog,3548
rat,rat,133
rat,bird,1221
rat,goblin,5
rat,puffin,0
rat,licker,256
rat,muncher,4
rat,fucker,3958
rat,sucker,13
rat,lord,264
rat,clown,0
rat,slut,4
rat,pirate,0
rat,bro,1095
rat,nazi,4
rat,whore,10
rat,boy,4458
rat,boi,290
rat,burglar,0
rat,bandit,1
rat,bitch,36
rat,waffle,1
rat,burger,249
rat,cake,12
rat,nugget,1
rat,rag,2
rat,nozzle,0
rat,stain,1
rat,wagon,2
rat,weed,14
rat,hat,135
rat,canoe,0
rat,boat,3
rat,stick,81
rat,socket,0
rat,trumpet,0
rat,mitten,0
rat,twat,1
rat,dick,229
rat,cunt,53
rat,ass,322
rat,cock,17
rat,balls,58
rat,face,2540
rat,head,135
rat,nuts,5
rat,brain,109
rat,brains,14
rat,knuckle,1
rat,mouth,18
rat,nose,24
rat,skull,37
rat,tard,16
rat,oid,9
rat,ster,40
rat,azoid,2
rat,let,80
rat,fuck,17471.125
rat,shit,2980
rat,fart,24
rat,wit,8
rat,lib,0
rat,breath,17
weasel,wad,0
weasel,bag,14
weasel,bucket,1
weasel,sack,0
weasel,ball,16
weasel,splash,0
weasel,pot,1
weasel,pile,0
weasel,weasel,10
weasel,monkey,1
weasel,dog,5
weasel,rat,4
weasel,bird,2
weasel,goblin,0
weasel,puffin,0
weasel,licker,0
weasel,muncher,0
weasel,fucker,17
weasel,sucker,0
weasel,lord,1
weasel,clown,0
weasel,slut,0
weasel,pirate,0
weasel,bro,3
weasel,nazi,0
weasel,whore,0
weasel,boy,54
weasel,boi,3
weasel,burglar,0
weasel,bandit,4
weasel,bitch,3
weasel,waffle,0
weasel,burger,1
weasel,cake,7
weasel,nugget,2
weasel,rag,0
weasel,nozzle,0
weasel,stain,0
weasel,wagon,0
weasel,weed,0
weasel,hat,0
weasel,canoe,0
weasel,boat,0
weasel,stick,2
weasel,socket,0
weasel,trumpet,0
weasel,mitten,0
weasel,twat,0
weasel,dick,78
weasel,cunt,13
weasel,ass,0
weasel,cock,5
weasel,balls,4
weasel,face,101
weasel,head,469
weasel,nuts,4
weasel,brain,7
weasel,brains,0
weasel,knuckle,0
weasel,mouth,5
weasel,nose,1
weasel,skull,0
weasel,tard,0
weasel,oid,15
weasel,ster,0
weasel,azoid,0
weasel,let,0
weasel,fuck,30
weasel,shit,54
weasel,fart,9
weasel,wit,0
weasel,lib,0
weasel,breath,1
bird,wad,0
bird,bag,13
bird,bucket,7
bird,sack,7
bird,ball,43
bird,splash,0
bird,pot,3
bird,pile,2
bird,weasel,0
bird,monkey,8
bird,dog,2028
bird,rat,27
bird,bird,173
bird,goblin,0
bird,puffin,0
bird,licker,0
bird,muncher,1
bird,fucker,181
bird,sucker,2
bird,lord,57
bird,clown,2
bird,slut,5
bird,pirate,2
bird,bro,2234
bird,nazi,1
bird,whore,5
bird,boy,987
bird,boi,216
bird,burglar,2
bird,bandit,1
bird,bitch,50
bird,waffle,1
bird,burger,10
bird,cake,17
bird,nugget,0
bird,rag,2
bird,nozzle,0
bird,stain,5
bird,wagon,10
bird,weed,5
bird,hat,82
bird,canoe,1
bird,boat,36
bird,stick,8
bird,socket,1
bird,trumpet,0
bird,mitten,1
bird,twat,4
bird,dick,24
bird,cunt,5
bird,ass,67
bird,cock,45
bird,balls,13
bird,face,1279
bird,head,411
bird,nuts,3
bird,brain,4353
bird,brains,1376
bird,knuckle,0
bird,mouth,31
bird,nose,67
bird,skull,139
bird,tard,8
bird,oid,8
bird,ster,22
bird,azoid,0
bird,let,39
bird,fuck,41
bird,shit,6010
bird,fart,8
bird,wit,0
bird,lib,0
bird,breath,8
fem,wad,2
fem,bag,5
fem,bucket,0
fem,sack,0
fem,ball,14
fem,splash,1
fem,pot,1
fem,pile,1
fem,weasel,0
fem,monkey,0
fem,dog,9
fem,rat,421
fem,bird,21
fem,goblin,7
fem,puffin,0
fem,licker,1
fem,muncher,0
fem,fucker,0
fem,sucker,0
fem,lord,56
fem,clown,4
fem,slut,26
fem,pirate,5
fem,bro,203
fem,nazi,5617
fem,whore,17
fem,boy,133608.45
fem,boi,6582
fem,burglar,0
fem,bandit,0
fem,bitch,43
fem,waffle,0
fem,burger,3
fem,cake,1
fem,nugget,0
fem,rag,6
fem,nozzle,0
fem,stain,0
fem,wagon,7
fem,weed,0
fem,hat,0
fem,canoe,0
fem,boat,17
fem,stick,8
fem,socket,0
fem,trumpet,0
fem,mitten,0
fem,twat,15
fem,dick,109
fem,cunt,224
fem,ass,4
fem,cock,280
fem,balls,36
fem,face,12
fem,head,0
fem,nuts,30
fem,brain,40
fem,brains,7
fem,knuckle,0
fem,mouth,0
fem,nose,1
fem,skull,1
fem,tard,1238
fem,oid,25000
fem,ster,19
fem,azoid,2
fem,let,136
fem,fuck,14
fem,shit,84
fem,fart,1
fem,wit,0
fem,lib,63
fem,breath,1
lib,wad,6
lib,bag,1
lib,bucket,0
lib,sack,2
lib,ball,4
lib,splash,1
lib,pot,0
lib,pile,0
lib,weasel,0
lib,monkey,3
lib,dog,13
lib,rat,408
lib,bird,2
lib,goblin,0
lib,puffin,0
lib,licker,4
lib,muncher,0
lib,fucker,7
lib,sucker,0
lib,lord,6
lib,clown,3
lib,slut,7
lib,pirate,0
lib,bro,38
lib,nazi,56
lib,whore,8
lib,boy,13
lib,boi,7
lib,burglar,0
lib,bandit,0
lib,bitch,7
lib,waffle,2
lib,burger,1
lib,cake,4
lib,nugget,1
lib,rag,30
lib,nozzle,0
lib,stain,14
lib,wagon,1
lib,weed,0
lib,hat,2
lib,canoe,0
lib,boat,0
lib,stick,46
lib,socket,12
lib,trumpet,0
lib,mitten,0
lib,twat,35
lib,dick,12
lib,cunt,142
lib,ass,494
lib,cock,13
lib,balls,0
lib,face,20
lib,head,10
lib,nuts,72
lib,brain,28
lib,brains,2
lib,knuckle,0
lib,mouth,1
lib,nose,2
lib,skull,0
lib,tard,302487.875
lib,oid,8
lib,ster,139
lib,azoid,1
lib,let,41
lib,fuck,191
lib,shit,7330
lib,fart,98
lib,wit,7
lib,lib,462
lib,breath,0
right,wad,11
right,bag,0
right,bucket,1
right,sack,22
right,ball,9
right,splash,0
right,pot,0
right,pile,0
right,weasel,0
right,monkey,1
right,dog,19
right,rat,0
right,bird,0
right,goblin,0
right,puffin,0
right,licker,16
right,muncher,0
right,fucker,0
right,sucker,0
right,lord,3
right,clown,0
right,slut,1
right,pirate,0
right,bro,36
right,nazi,0
right,whore,0
right,boy,11
right,boi,8
right,burglar,0
right,bandit,0
right,bitch,1
right,waffle,1
right,burger,1
right,cake,0
right,nugget,0
right,rag,1
right,nozzle,0
right,stain,0
right,wagon,0
right,weed,1
right,hat,6
right,canoe,0
right,boat,13
right,stick,328
right,socket,1
right,trumpet,0
right,mitten,0
right,twat,1
right,dick,1
right,cunt,4
right,ass,6
right,cock,1
right,balls,1
right,face,22
right,head,23
right,nuts,12
right,brain,43
right,brains,4
right,knuckle,0
right,mouth,0
right,nose,9
right,skull,0
right,tard,179
right,oid,13748
right,ster,68
right,azoid,0
right,let,3
right,fuck,9
right,shit,2
right,fart,35
right,wit,3
right,lib,294
right,breath,0
soy,wad,1
soy,bag,26
soy,bucket,0
soy,sack,5
soy,ball,29
soy,splash,0
soy,pot,2
soy,pile,1
soy,weasel,1
soy,monkey,3
soy,dog,104
soy,rat,3
soy,bird,5
soy,goblin,11
soy,puffin,0
soy,licker,3
soy,muncher,1
soy,fucker,12
soy,sucker,13
soy,lord,215
soy,clown,2
soy,slut,3
soy,pirate,6
soy,bro,39
soy,nazi,2
soy,whore,0
soy,boy,109940.25
soy,boi,4699
soy,burglar,0
soy,bandit,0
soy,bitch,73
soy,waffle,1
soy,burger,273
soy,cake,22
soy,nugget,3
soy,rag,10
soy,nozzle,0
soy,stain,1
soy,wagon,2
soy,weed,3
soy,hat,0
soy,canoe,0
soy,boat,1
soy,stick,5
soy,socket,0
soy,trumpet,0
soy,mitten,0
soy,twat,0
soy,dick,17
soy,cunt,32
soy,ass,11
soy,cock,12
soy,balls,35
soy,face,2511
soy,head,10
soy,nuts,192
soy,brain,90
soy,brains,23
soy,knuckle,0
soy,mouth,67
soy,nose,0
soy,skull,2
soy,tard,151
soy,oid,6
soy,ster,28
soy,azoid,0
soy,let,537
soy,fuck,30
soy,shit,70
soy,fart,0
soy,wit,0
soy,lib,8
soy,breath,2
trump,wad,218
trump,bag,25
trump,bucket,2
trump,sack,8
trump,ball,68
trump,splash,0
trump,pot,1
trump,pile,1
trump,weasel,5
trump,monkey,53
trump,dog,59
trump,rat,19
trump,bird,19
trump,goblin,0
trump,puffin,0
trump,licker,114
trump,muncher,1
trump,fucker,90
trump,sucker,485
trump,lord,65
trump,clown,16
trump,slut,20
trump,pirate,0
trump,bro,133
trump,nazi,69
trump,whore,12
trump,boy,117
trump,boi,94
trump,burglar,1
trump,bandit,0
trump,bitch,22
trump,waffle,7
trump,burger,40
trump,cake,36
trump,nugget,15
trump,rag,1
trump,nozzle,0
trump,stain,312
trump,wagon,115
trump,weed,7
trump,hat,44
trump,canoe,10
trump,boat,20
trump,stick,38
trump,socket,1
trump,trumpet,2
trump,mitten,0
trump,twat,51
trump,dick,86
trump,cunt,139
trump,ass,300
trump,cock,70
trump,balls,22
trump,face,178
trump,head,235
trump,nuts,225
trump,brain,34
trump,brains,2
trump,knuckle,4
trump,mouth,5
trump,nose,1
trump,skull,4
trump,tard,31073
trump,oid,255
trump,ster,31005
trump,azoid,32
trump,let,1772
trump,fuck,387
trump,shit,319
trump,fart,34
trump,wit,47
trump,lib,0
trump,breath,0
stink,wad,21
stink,bag,76
stink,bucket,6
stink,sack,23
stink,ball,90
stink,splash,0
stink,pot,1044
stink,pile,70
stink,weasel,14
stink,monkey,5
stink,dog,13
stink,rat,42
stink,bird,187
stink,goblin,1
stink,puffin,0
stink,licker,0
stink,muncher,0
stink,fucker,4
stink,sucker,1
stink,lord,37
stink,clown,0
stink,slut,0
stink,pirate,0
stink,bro,7
stink,nazi,1
stink,whore,3
stink,boy,50
stink,boi,22
stink,burglar,0
stink,bandit,0
stink,bitch,13
stink,waffle,3
stink,burger,65
stink,cake,1
stink,nugget,28
stink,rag,2
stink,nozzle,3
stink,stain,2
stink,wagon,19
stink,weed,5320
stink,hat,3
stink,canoe,0
stink,boat,13
stink,stick,12
stink,socket,0
stink,trumpet,0
stink,mitten,2
stink,twat,1
stink,dick,52
stink,cunt,6
stink,ass,120
stink,cock,0
stink,balls,38
stink,face,3420
stink,head,80
stink,nuts,12
stink,brain,48
stink,brains,8
stink,knuckle,6
stink,mouth,26
stink,nose,1
stink,skull,0
stink,tard,6
stink,oid,8
stink,ster,72
stink,azoid,2
stink,let,8
stink,fuck,20
stink,shit,8
stink,fart,12
stink,wit,1
stink,lib,0
stink,breath,60
bastard,wad,1
bastard,bag,0
bastard,bucket,1
bastard,sack,0
bastard,ball,15
bastard,splash,0
bastard,pot,0
bastard,pile,0
bastard,weasel,0
bastard,monkey,1
bastard,dog,0
bastard,rat,0
bastard,bird,2
bastard,goblin,0
bastard,puffin,0
bastard,licker,1
bastard,muncher,0
bastard,fucker,3
bastard,sucker,0
bastard,lord,1
bastard,clown,1
bastard,slut,2
bastard,pirate,0
bastard,bro,1
bastard,nazi,0
bastard,whore,3
bastard,boy,4
bastard,boi,3
bastard,burglar,0
bastard,bandit,0
bastard,bitch,9
bastard,waffle,0
bastard,burger,10
bastard,cake,0
bastard,nugget,2
bastard,rag,0
bastard,nozzle,0
bastard,stain,2
bastard,wagon,0
bastard,weed,0
bastard,hat,2
bastard,canoe,0
bastard,boat,0
bastard,stick,0
bastard,socket,0
bastard,trumpet,0
bastard,mitten,0
bastard,twat,1
bastard,dick,8
bastard,cunt,15
bastard,ass,24
bastard,cock,3
bastard,balls,2
bastard,face,39
bastard,head,13
bastard,nuts,0
bastard,brain,0
bastard,brains,0
bastard,knuckle,0
bastard,mouth,1
bastard,nose,0
bastard,skull,0
bastard,tard,0
bastard,oid,0
bastard,ster,0
bastard,azoid,0
bastard,let,1
bastard,fuck,18
bastard,shit,2
bastard,fart,0
bastard,wit,0
bastard,lib,0
bastard,breath,1
donkey,wad,47
donkey,bag,2
donkey,bucket,1
donkey,sack,2
donkey,ball,40
donkey,splash,0
donkey,pot,0
donkey,pile,0
donkey,weasel,1
donkey,monkey,9
donkey,dog,12
donkey,rat,1
donkey,bird,6
donkey,goblin,1
donkey,puffin,0
donkey,licker,5
donkey,muncher,1
donkey,fucker,173
donkey,sucker,2
donkey,lord,1
donkey,clown,2
donkey,slut,0
donkey,pirate,15
donkey,bro,22
donkey,nazi,0
donkey,whore,3
donkey,boy,304
donkey,boi,17
donkey,burglar,0
donkey,bandit,14
donkey,bitch,12
donkey,waffle,8
donkey,burger,3
donkey,cake,1
donkey,nugget,5
donkey,rag,0
donkey,nozzle,14
donkey,stain,21
donkey,wagon,6
donkey,weed,3
donkey,hat,9
donkey,canoe,0
donkey,boat,3
donkey,stick,3
donkey,socket,0
donkey,trumpet,0
donkey,mitten,0
donkey,twat,5
donkey,dick,383
donkey,cunt,21
donkey,ass,50
donkey,cock,68
donkey,balls,1667
donkey,face,243
donkey,head,32
donkey,nuts,43
donkey,brain,118
donkey,brains,587
donkey,knuckle,1
donkey,mouth,17
donkey,nose,2
donkey,skull,0
donkey,tard,1
donkey,oid,0
donkey,ster,0
donkey,azoid,0
donkey,let,1
donkey,fuck,98
donkey,shit,318
donkey,fart,24
donkey,wit,0
donkey,lib,0
donkey,breath,5
moron,wad,0
moron,bag,7
moron,bucket,1
moron,sack,0
moron,ball,17
moron,splash,0
moron,pot,0
moron,pile,1
moron,weasel,0
moron,monkey,0
moron,dog,2
moron,rat,0
moron,bird,0
moron,goblin,0
moron,puffin,0
moron,licker,0
moron,muncher,0
moron,fucker,1
moron,sucker,0
moron,lord,11
moron,clown,0
moron,slut,0
moron,pirate,0
moron,bro,4
moron,nazi,0
moron,whore,2
moron,boy,6
moron,boi,0
moron,burglar,0
moron,bandit,0
moron,bitch,0
moron,waffle,0
moron,burger,2
moron,cake,2
moron,nugget,0
moron,rag,0
moron,nozzle,0
moron,stain,1
moron,wagon,0
moron,weed,0
moron,hat,0
moron,canoe,0
moron,boat,1
moron,stick,0
moron,socket,0
moron,trumpet,0
moron,mitten,0
moron,twat,0
moron,dick,3
moron,cunt,1
moron,ass,2
moron,cock,2
moron,balls,0
moron,face,25
moron,head,12
moron,nuts,0
moron,brain,2
moron,brains,1
moron,knuckle,0
moron,mouth,0
moron,nose,0
moron,skull,1
moron,tard,9
moron,oid,14
moron,ster,8
moron,azoid,0
moron,let,2
moron,fuck,4
moron,shit,3
moron,fart,0
moron,wit,0
moron,lib,2
moron,breath,0
idiot,wad,0
idiot,bag,12
idiot,bucket,0
idiot,sack,0
idiot,ball,147
idiot,splash,0
idiot,pot,0
idiot,pile,3
idiot,weasel,0
idiot,monkey,1
idiot,dog,5
idiot,rat,6
idiot,bird,4
idiot,goblin,0
idiot,puffin,0
idiot,licker,0
idiot,muncher,0
idiot,fucker,1
idiot,sucker,0
idiot,lord,7
idiot,clown,2
idiot,slut,1
idiot,pirate,0
idiot,bro,4
idiot,nazi,0
idiot,whore,1
idiot,boy,75
idiot,boi,10
idiot,burglar,0
idiot,bandit,0
idiot,bitch,14
idiot,waffle,0
idiot,burger,3
idiot,cake,3
idiot,nugget,0
idiot,rag,0
idiot,nozzle,0
idiot,stain,0
idiot,wagon,6
idiot,weed,1
idiot,hat,0
idiot,canoe,1
idiot,boat,0
idiot,stick,56
idiot,socket,0
idiot,trumpet,0
idiot,mitten,0
idiot,twat,0
idiot,dick,6
idiot,cunt,5
idiot,ass,41
idiot,cock,0
idiot,balls,20
idiot,face,199
idiot,head,125
idiot,nuts,0
idiot,brain,10
idiot,brains,1
idiot,knuckle,0
idiot,mouth,1
idiot,nose,0
idiot,skull,0
idiot,tard,7
idiot,oid,3
idiot,ster,0
idiot,azoid,0
idiot,let,0
idiot,fuck,41
idiot,shit,18
idiot,fart,0
idiot,wit,1
idiot,lib,0
idiot,breath,8
loser,wad,6
loser,bag,4
loser,bucket,0
loser,sack,0
loser,ball,36
loser,splash,0
loser,pot,2
loser,pile,21
loser,weasel,0
loser,monkey,1
loser,dog,3
loser,rat,1
loser,bird,3
loser,goblin,0
loser,puffin,0
loser,licker,0
loser,muncher,0
loser,fucker,2
loser,sucker,2
loser,lord,25
loser,clown,1
loser,slut,1
loser,pirate,1
loser,bro,26
loser,nazi,0
loser,whore,0
loser,boy,117
loser,boi,30
loser,burglar,0
loser,bandit,0
loser,bitch,12
loser,waffle,0
loser,burger,8
loser,cake,16
loser,nugget,0
loser,rag,0
loser,nozzle,0
loser,stain,0
loser,wagon,2
loser,weed,3
loser,hat,2
loser,canoe,0
loser,boat,1
loser,stick,0
loser,socket,0
loser,trumpet,0
loser,mitten,0
loser,twat,0
loser,dick,43
loser,cunt,8
loser,ass,29
loser,cock,2
loser,balls,2
loser,face,183
loser,head,27
loser,nuts,0
loser,brain,12
loser,brains,0
loser,knuckle,0
loser,mouth,0
loser,nose,0
loser,skull,0
loser,tard,10
loser,oid,11
loser,ster,1
loser,azoid,0
loser,let,0
loser,fuck,34
loser,shit,6
loser,fart,0
loser,wit,0
loser,lib,1
loser,breath,0
harpy,wad,0
harpy,bag,0
harpy,bucket,0
harpy,sack,0
harpy,ball,0
harpy,splash,0
harpy,pot,0
harpy,pile,0
harpy,weasel,0
harpy,monkey,0
harpy,dog,0
harpy,rat,0
harpy,bird,0
harpy,goblin,0
harpy,puffin,0
harpy,licker,0
harpy,muncher,0
harpy,fucker,0
harpy,sucker,0
harpy,lord,0
harpy,clown,0
harpy,slut,1
harpy,pirate,0
harpy,bro,1
harpy,nazi,0
harpy,whore,0
harpy,boy,0
harpy,boi,1
harpy,burglar,0
harpy,bandit,0
harpy,bitch,6
harpy,waffle,0
harpy,burger,0
harpy,cake,0
harpy,nugget,0
harpy,rag,0
harpy,nozzle,0
harpy,stain,0
harpy,wagon,0
harpy,weed,0
harpy,hat,0
harpy,canoe,0
harpy,boat,0
harpy,stick,0
harpy,socket,0
harpy,trumpet,0
harpy,mitten,0
harpy,twat,1
harpy,dick,0
harpy,cunt,2
harpy,ass,0
harpy,cock,0
harpy,balls,0
harpy,face,1
harpy,head,0
harpy,nuts,0
harpy,brain,0
harpy,brains,0
harpy,knuckle,0
harpy,mouth,0
harpy,nose,0
harpy,skull,0
harpy,tard,0
harpy,oid,0
harpy,ster,0
harpy,azoid,0
harpy,let,0
harpy,fuck,0
harpy,shit,1
harpy,fart,0
harpy,wit,0
harpy,lib,0
harpy,breath,0
faggot,wad,1
faggot,bag,2
faggot,bucket,1
faggot,sack,2
faggot,ball,29
faggot,splash,0
faggot,pot,1
faggot,pile,3
faggot,weasel,0
faggot,monkey,1
faggot,dog,13
faggot,rat,1
faggot,bird,5
faggot,goblin,0
faggot,puffin,16
faggot,licker,2
faggot,muncher,3
faggot,fucker,24
faggot,sucker,1
faggot,lord,78
faggot,clown,0
faggot,slut,9
faggot,pirate,0
faggot,bro,8
faggot,nazi,1
faggot,whore,7
faggot,boy,46
faggot,boi,21
faggot,burglar,0
faggot,bandit,0
faggot,bitch,37
faggot,waffle,1
faggot,burger,7
faggot,cake,5
faggot,nugget,1
faggot,rag,0
faggot,nozzle,0
faggot,stain,1
faggot,wagon,6
faggot,weed,0
faggot,hat,0
faggot,canoe,0
faggot,boat,1
faggot,stick,7
faggot,socket,0
faggot,trumpet,0
faggot,mitten,0
faggot,twat,0
faggot,dick,12
faggot,cunt,62
faggot,ass,319
faggot,cock,17
faggot,balls,25
faggot,face,88
faggot,head,26
faggot,nuts,1
faggot,brain,3
faggot,brains,2
faggot,knuckle,0
faggot,mouth,6
faggot,nose,1
faggot,skull,0
faggot,tard,8
faggot,oid,8
faggot,ster,1
faggot,azoid,0
faggot,let,2
faggot,fuck,58
faggot,shit,71
faggot,fart,0
faggot,wit,0
faggot,lib,0
faggot,breath,3
